[

  {
    "id": 1,
    "title": "title 1111111111111",
    "status": "todo"
  },
  {
    "id": 2,
    "title": "title 2222222222222",
    "status": "inprogress"
  },
  {
    "id": 3,
    "title": "title 3333333333333",
    "status": "completed"
  },
  {
    "id": 4,
    "title": "title 44444444444444",
    "status": "completed"
  },
  {
    "id": 5,
    "title": "title 5555555555555",
    "status": "inprogress"
  },
  {
    "id": 6,
    "title": "title 6666666666666",
    "status": "inprogress"
  },
  {
    "id": 7,
    "title": "title 777777777777",
    "status": "completed"
  },
  {
    "id": 8,
    "title": "title 8888888888888",
    "status": "todo"
  }
]